timestamp,pstate,temperature.gpu,power.draw [W],clocks.current.sm [MHz],clocks.current.memory [MHz],utilization.gpu [%],tag
2026/07/12 03:01:31.581, P3, 49, 16.12 W, 1890 MHz, 7000 MHz, 7 %,before
2026/07/12 03:02:47.317, P8, 46, 4.17 W, 210 MHz, 405 MHz, 6 %,before_old_original_cpu_run1
2026/07/12 03:02:54.254, P8, 46, 4.04 W, 210 MHz, 405 MHz, 6 %,after_old_original_cpu_run1
2026/07/12 03:02:56.319, P8, 46, 4.27 W, 210 MHz, 405 MHz, 7 %,before_old_host_o2_cpu_run1
2026/07/12 03:03:01.922, P8, 47, 4.05 W, 210 MHz, 405 MHz, 7 %,after_old_host_o2_cpu_run1
2026/07/12 03:03:03.990, P0, 47, 15.49 W, 1890 MHz, 8000 MHz, 0 %,before_current_cpu_run1
2026/07/12 03:03:09.671, P8, 47, 4.12 W, 210 MHz, 405 MHz, 7 %,after_current_cpu_run1
2026/07/12 03:03:11.738, P8, 47, 4.23 W, 210 MHz, 405 MHz, 7 %,before_old_original_cpu_run2
2026/07/12 03:03:17.353, P0, 48, 15.51 W, 1890 MHz, 8000 MHz, 0 %,after_old_original_cpu_run2
2026/07/12 03:03:19.423, P0, 48, 15.36 W, 1890 MHz, 8000 MHz, 0 %,before_old_host_o2_cpu_run2
2026/07/12 03:03:24.977, P5, 47, 6.34 W, 345 MHz, 810 MHz, 1 %,after_old_host_o2_cpu_run2
2026/07/12 03:03:27.044, P8, 47, 4.23 W, 210 MHz, 405 MHz, 7 %,before_current_cpu_run2
2026/07/12 03:03:32.678, P0, 48, 15.48 W, 1890 MHz, 8000 MHz, 0 %,after_current_cpu_run2
2026/07/12 03:03:34.752, P0, 48, 15.49 W, 1890 MHz, 8000 MHz, 0 %,before_old_original_cpu_run3
2026/07/12 03:03:40.301, P8, 47, 4.07 W, 210 MHz, 405 MHz, 7 %,after_old_original_cpu_run3
2026/07/12 03:03:42.368, P8, 47, 4.24 W, 210 MHz, 405 MHz, 7 %,before_old_host_o2_cpu_run3
2026/07/12 03:03:47.936, P8, 47, 4.09 W, 210 MHz, 405 MHz, 7 %,after_old_host_o2_cpu_run3
2026/07/12 03:03:50.011, P8, 47, 4.24 W, 210 MHz, 405 MHz, 6 %,before_current_cpu_run3
2026/07/12 03:03:55.622, P5, 47, 6.61 W, 405 MHz, 810 MHz, 1 %,after_current_cpu_run3
2026/07/12 03:03:57.695, P8, 47, 4.88 W, 210 MHz, 405 MHz, 7 %,before_old_original_cpu_run4
2026/07/12 03:04:03.222, P8, 47, 5.02 W, 210 MHz, 405 MHz, 6 %,after_old_original_cpu_run4
2026/07/12 03:04:05.285, P8, 47, 4.25 W, 210 MHz, 405 MHz, 6 %,before_old_host_o2_cpu_run4
2026/07/12 03:04:10.851, P5, 47, 6.26 W, 225 MHz, 810 MHz, 5 %,after_old_host_o2_cpu_run4
2026/07/12 03:04:12.931, P8, 47, 4.25 W, 210 MHz, 405 MHz, 7 %,before_current_cpu_run4
2026/07/12 03:04:18.475, P0, 48, 15.56 W, 1890 MHz, 8000 MHz, 0 %,after_current_cpu_run4
2026/07/12 03:04:20.533, P8, 47, 4.50 W, 210 MHz, 405 MHz, 7 %,before_old_original_cpu_run5
2026/07/12 03:04:26.050, P0, 48, 15.91 W, 1890 MHz, 8000 MHz, 3 %,after_old_original_cpu_run5
2026/07/12 03:04:28.119, P5, 47, 11.58 W, 465 MHz, 810 MHz, 1 %,before_old_host_o2_cpu_run5
2026/07/12 03:04:34.034, P8, 48, 5.00 W, 315 MHz, 405 MHz, 16 %,after_old_host_o2_cpu_run5
2026/07/12 03:04:36.107, P8, 48, 4.64 W, 210 MHz, 405 MHz, 23 %,before_current_cpu_run5
2026/07/12 03:04:41.944, P8, 47, 4.42 W, 210 MHz, 405 MHz, 7 %,after_current_cpu_run5
2026/07/12 03:04:44.012, P8, 47, 4.45 W, 210 MHz, 405 MHz, 7 %,before_old_original_kernel_run1
2026/07/12 03:04:48.527, P3, 48, 14.05 W, 1890 MHz, 7000 MHz, 5 %,after_old_original_kernel_run1
2026/07/12 03:04:50.594, P5, 47, 7.06 W, 300 MHz, 810 MHz, 16 %,before_old_host_o2_kernel_run1
2026/07/12 03:04:55.161, P3, 48, 14.06 W, 1890 MHz, 7000 MHz, 0 %,after_old_host_o2_kernel_run1
2026/07/12 03:04:57.232, P5, 47, 6.94 W, 345 MHz, 810 MHz, 4 %,before_current_kernel_profile0_run1
2026/07/12 03:05:01.539, P3, 48, 14.82 W, 510 MHz, 810 MHz, 0 %,after_current_kernel_profile0_run1
2026/07/12 03:05:03.605, P8, 47, 5.67 W, 255 MHz, 405 MHz, 8 %,before_current_kernel_profile1_run1
2026/07/12 03:05:08.157, P3, 49, 13.67 W, 1890 MHz, 7000 MHz, 7 %,after_current_kernel_profile1_run1
2026/07/12 03:05:10.234, P3, 48, 13.71 W, 1890 MHz, 7000 MHz, 0 %,before_current_kernel_profile1_run2
2026/07/12 03:05:14.666, P3, 49, 13.66 W, 1890 MHz, 7000 MHz, 1 %,after_current_kernel_profile1_run2
2026/07/12 03:05:16.730, P8, 48, 4.40 W, 270 MHz, 405 MHz, 5 %,before_current_kernel_profile0_run2
2026/07/12 03:05:20.974, P3, 49, 13.71 W, 1890 MHz, 7000 MHz, 0 %,after_current_kernel_profile0_run2
2026/07/12 03:05:23.031, P8, 48, 4.28 W, 255 MHz, 405 MHz, 6 %,before_old_host_o2_kernel_run2
2026/07/12 03:05:27.454, P3, 49, 14.11 W, 1890 MHz, 7000 MHz, 1 %,after_old_host_o2_kernel_run2
2026/07/12 03:05:29.528, P8, 48, 4.30 W, 225 MHz, 405 MHz, 6 %,before_old_original_kernel_run2
2026/07/12 03:05:33.924, P3, 49, 13.64 W, 1890 MHz, 7000 MHz, 0 %,after_old_original_kernel_run2
2026/07/12 03:05:35.992, P8, 49, 5.81 W, 270 MHz, 405 MHz, 5 %,before_old_original_kernel_run3
2026/07/12 03:05:40.416, P3, 50, 13.60 W, 1890 MHz, 7000 MHz, 0 %,after_old_original_kernel_run3
2026/07/12 03:05:42.487, P8, 49, 4.25 W, 210 MHz, 405 MHz, 7 %,before_old_host_o2_kernel_run3
2026/07/12 03:05:46.903, P3, 50, 13.63 W, 1890 MHz, 7000 MHz, 0 %,after_old_host_o2_kernel_run3
2026/07/12 03:05:48.972, P5, 49, 6.54 W, 270 MHz, 810 MHz, 5 %,before_current_kernel_profile0_run3
2026/07/12 03:05:53.246, P3, 50, 13.71 W, 1890 MHz, 7000 MHz, 1 %,after_current_kernel_profile0_run3
2026/07/12 03:05:55.312, P3, 50, 13.57 W, 1890 MHz, 7000 MHz, 1 %,before_current_kernel_profile1_run3
2026/07/12 03:05:59.714, P3, 50, 13.84 W, 1890 MHz, 7000 MHz, 0 %,after_current_kernel_profile1_run3
2026/07/12 03:06:01.777, P8, 49, 5.46 W, 285 MHz, 405 MHz, 5 %,before_current_kernel_profile1_run4
2026/07/12 03:06:06.200, P3, 50, 13.94 W, 1890 MHz, 7000 MHz, 0 %,after_current_kernel_profile1_run4
2026/07/12 03:06:08.295, P8, 49, 4.34 W, 225 MHz, 405 MHz, 6 %,before_current_kernel_profile0_run4
2026/07/12 03:06:12.553, P3, 50, 14.11 W, 450 MHz, 810 MHz, 0 %,after_current_kernel_profile0_run4
2026/07/12 03:06:14.628, P8, 49, 4.28 W, 210 MHz, 405 MHz, 7 %,before_old_host_o2_kernel_run4
2026/07/12 03:06:19.088, P3, 50, 13.65 W, 1890 MHz, 7000 MHz, 0 %,after_old_host_o2_kernel_run4
2026/07/12 03:06:21.155, P8, 49, 4.30 W, 255 MHz, 405 MHz, 6 %,before_old_original_kernel_run4
2026/07/12 03:06:25.575, P5, 50, 13.64 W, 450 MHz, 810 MHz, 0 %,after_old_original_kernel_run4
2026/07/12 03:06:27.638, P8, 49, 4.24 W, 210 MHz, 405 MHz, 7 %,before_old_original_kernel_run5
2026/07/12 03:06:32.074, P3, 50, 13.85 W, 1890 MHz, 7000 MHz, 0 %,after_old_original_kernel_run5
2026/07/12 03:06:34.145, P8, 49, 5.86 W, 255 MHz, 405 MHz, 5 %,before_old_host_o2_kernel_run5
2026/07/12 03:06:38.563, P3, 50, 13.69 W, 1890 MHz, 7000 MHz, 0 %,after_old_host_o2_kernel_run5
2026/07/12 03:06:40.639, P3, 50, 13.65 W, 1890 MHz, 7000 MHz, 0 %,before_current_kernel_profile0_run5
2026/07/12 03:06:44.848, P3, 50, 13.74 W, 1890 MHz, 7000 MHz, 1 %,after_current_kernel_profile0_run5
2026/07/12 03:06:46.914, P8, 50, 4.28 W, 270 MHz, 405 MHz, 5 %,before_current_kernel_profile1_run5
2026/07/12 03:06:51.339, P3, 50, 13.85 W, 1890 MHz, 7000 MHz, 0 %,after_current_kernel_profile1_run5
2026/07/12 03:06:53.411, P8, 50, 4.38 W, 240 MHz, 405 MHz, 6 %,before_old_original_cublas_run1
2026/07/12 03:06:57.823, P3, 50, 13.66 W, 1890 MHz, 7000 MHz, 1 %,after_old_original_cublas_run1
2026/07/12 03:06:59.895, P8, 50, 6.54 W, 270 MHz, 405 MHz, 5 %,before_old_host_o2_cublas_run1
2026/07/12 03:07:04.310, P3, 51, 13.95 W, 1890 MHz, 7000 MHz, 0 %,after_old_host_o2_cublas_run1
2026/07/12 03:07:06.375, P8, 50, 4.46 W, 225 MHz, 405 MHz, 6 %,before_current_cublas_profile0_run1
2026/07/12 03:07:10.597, P5, 50, 13.68 W, 450 MHz, 810 MHz, 0 %,after_current_cublas_profile0_run1
2026/07/12 03:07:12.668, P8, 50, 4.30 W, 210 MHz, 405 MHz, 6 %,before_current_cublas_profile1_run1
2026/07/12 03:07:17.077, P3, 51, 13.72 W, 1890 MHz, 7000 MHz, 0 %,after_current_cublas_profile1_run1
2026/07/12 03:07:19.149, P8, 50, 4.24 W, 240 MHz, 405 MHz, 5 %,before_current_cublas_profile1_run2
2026/07/12 03:07:23.545, P3, 51, 13.78 W, 1890 MHz, 7000 MHz, 0 %,after_current_cublas_profile1_run2
2026/07/12 03:07:25.603, P8, 50, 4.33 W, 210 MHz, 405 MHz, 6 %,before_current_cublas_profile0_run2
2026/07/12 03:07:29.828, P3, 51, 13.76 W, 1890 MHz, 7000 MHz, 1 %,after_current_cublas_profile0_run2
2026/07/12 03:07:31.892, P5, 50, 6.59 W, 255 MHz, 810 MHz, 5 %,before_old_host_o2_cublas_run2
2026/07/12 03:07:36.287, P3, 51, 13.76 W, 1890 MHz, 7000 MHz, 0 %,after_old_host_o2_cublas_run2
2026/07/12 03:07:38.351, P8, 50, 4.39 W, 225 MHz, 405 MHz, 6 %,before_old_original_cublas_run2
2026/07/12 03:07:42.737, P3, 51, 13.98 W, 1890 MHz, 7000 MHz, 0 %,after_old_original_cublas_run2
2026/07/12 03:07:44.807, P5, 50, 6.55 W, 270 MHz, 405 MHz, 5 %,before_old_original_cublas_run3
2026/07/12 03:07:49.227, P3, 51, 13.75 W, 1890 MHz, 7000 MHz, 1 %,after_old_original_cublas_run3
2026/07/12 03:07:51.298, P8, 50, 4.28 W, 225 MHz, 405 MHz, 6 %,before_old_host_o2_cublas_run3
2026/07/12 03:07:55.688, P3, 51, 13.77 W, 1890 MHz, 7000 MHz, 0 %,after_old_host_o2_cublas_run3
2026/07/12 03:07:57.744, P5, 50, 6.66 W, 285 MHz, 810 MHz, 5 %,before_current_cublas_profile0_run3
2026/07/12 03:08:01.981, P3, 51, 13.68 W, 1890 MHz, 7000 MHz, 0 %,after_current_cublas_profile0_run3
2026/07/12 03:08:04.050, P8, 50, 6.63 W, 240 MHz, 405 MHz, 5 %,before_current_cublas_profile1_run3
2026/07/12 03:08:08.423, P3, 51, 13.75 W, 1890 MHz, 7000 MHz, 1 %,after_current_cublas_profile1_run3
2026/07/12 03:08:10.493, P3, 51, 13.83 W, 1890 MHz, 7000 MHz, 0 %,before_current_cublas_profile1_run4
2026/07/12 03:08:14.901, P3, 51, 13.79 W, 1890 MHz, 7000 MHz, 0 %,after_current_cublas_profile1_run4
2026/07/12 03:08:16.961, P5, 50, 6.58 W, 255 MHz, 810 MHz, 5 %,before_current_cublas_profile0_run4
2026/07/12 03:08:21.180, P3, 51, 13.71 W, 1890 MHz, 7000 MHz, 0 %,after_current_cublas_profile0_run4
2026/07/12 03:08:23.251, P8, 50, 6.57 W, 225 MHz, 405 MHz, 6 %,before_old_host_o2_cublas_run4
2026/07/12 03:08:27.655, P5, 51, 13.66 W, 435 MHz, 810 MHz, 1 %,after_old_host_o2_cublas_run4
2026/07/12 03:08:29.727, P8, 50, 4.32 W, 210 MHz, 405 MHz, 6 %,before_old_original_cublas_run4
2026/07/12 03:08:34.131, P3, 51, 13.82 W, 1890 MHz, 7000 MHz, 0 %,after_old_original_cublas_run4
2026/07/12 03:08:36.189, P3, 50, 8.52 W, 1890 MHz, 7000 MHz, 5 %,before_old_original_cublas_run5
2026/07/12 03:08:40.544, P3, 51, 13.80 W, 1890 MHz, 7000 MHz, 0 %,after_old_original_cublas_run5
2026/07/12 03:08:42.615, P8, 50, 4.41 W, 210 MHz, 405 MHz, 6 %,before_old_host_o2_cublas_run5
2026/07/12 03:08:47.005, P3, 51, 13.74 W, 1890 MHz, 7000 MHz, 1 %,after_old_host_o2_cublas_run5
2026/07/12 03:08:49.068, P8, 50, 6.67 W, 285 MHz, 405 MHz, 5 %,before_current_cublas_profile0_run5
2026/07/12 03:08:53.287, P3, 51, 13.72 W, 1890 MHz, 7000 MHz, 0 %,after_current_cublas_profile0_run5
2026/07/12 03:08:55.361, P8, 50, 4.31 W, 270 MHz, 405 MHz, 5 %,before_current_cublas_profile1_run5
2026/07/12 03:08:59.754, P3, 51, 13.59 W, 1890 MHz, 7000 MHz, 0 %,after_current_cublas_profile1_run5
