m,n,iter,num_blocks,nontrivial_blocks,min_block_size,max_block_size,avg_block_size
1000,1000,0,1,1,1000,1000,1000.0000000000
1000,1000,1,1,1,1000,1000,1000.0000000000
1000,1000,2,1,1,1000,1000,1000.0000000000
1000,1000,3,1,1,1000,1000,1000.0000000000
1000,1000,4,2,1,1,999,500.0000000000
1000,1000,5,3,1,1,998,333.3333333333
1000,1000,6,3,1,1,998,333.3333333333
1000,1000,7,4,1,1,997,250.0000000000
1000,1000,8,4,1,1,997,250.0000000000
1000,1000,9,4,1,1,997,250.0000000000
1000,1000,10,4,1,1,997,250.0000000000
1000,1000,11,5,1,1,996,200.0000000000
1000,1000,12,5,1,1,996,200.0000000000
1000,1000,13,6,1,1,995,166.6666666667
1000,1000,14,6,1,1,995,166.6666666667
1000,1000,15,6,1,1,995,166.6666666667
1000,1000,16,7,1,1,994,142.8571428571
1000,1000,17,7,1,1,994,142.8571428571
1000,1000,18,8,1,1,993,125.0000000000
1000,1000,19,8,1,1,993,125.0000000000
1000,1000,20,8,1,1,993,125.0000000000
1000,1000,21,8,1,1,993,125.0000000000
1000,1000,22,9,1,1,992,111.1111111111
1000,1000,23,9,1,1,992,111.1111111111
1000,1000,24,10,1,1,991,100.0000000000
1000,1000,25,10,1,1,991,100.0000000000
1000,1000,26,11,1,1,990,90.9090909091
1000,1000,27,11,1,1,990,90.9090909091
1000,1000,28,11,1,1,990,90.9090909091
1000,1000,29,12,1,1,989,83.3333333333
1000,1000,30,12,1,1,989,83.3333333333
1000,1000,31,13,1,1,988,76.9230769231
1000,1000,32,13,1,1,988,76.9230769231
1000,1000,33,14,1,1,987,71.4285714286
1000,1000,34,14,1,1,987,71.4285714286
1000,1000,35,15,1,1,986,66.6666666667
1000,1000,36,15,1,1,986,66.6666666667
1000,1000,37,16,1,1,985,62.5000000000
1000,1000,38,16,1,1,985,62.5000000000
1000,1000,39,16,1,1,985,62.5000000000
1000,1000,40,17,1,1,984,58.8235294118
1000,1000,41,17,1,1,984,58.8235294118
1000,1000,42,17,1,1,984,58.8235294118
1000,1000,43,18,1,1,983,55.5555555556
1000,1000,44,18,1,1,983,55.5555555556
1000,1000,45,19,1,1,982,52.6315789474
1000,1000,46,19,1,1,982,52.6315789474
1000,1000,47,20,1,1,981,50.0000000000
1000,1000,48,20,1,1,981,50.0000000000
1000,1000,49,21,1,1,980,47.6190476190
1000,1000,50,21,1,1,980,47.6190476190
1000,1000,51,22,1,1,979,45.4545454545
1000,1000,52,22,1,1,979,45.4545454545
1000,1000,53,23,1,1,978,43.4782608696
1000,1000,54,23,1,1,978,43.4782608696
1000,1000,55,24,1,1,977,41.6666666667
1000,1000,56,24,1,1,977,41.6666666667
1000,1000,57,24,1,1,977,41.6666666667
1000,1000,58,25,1,1,976,40.0000000000
1000,1000,59,25,1,1,976,40.0000000000
1000,1000,60,26,1,1,975,38.4615384615
1000,1000,61,26,1,1,975,38.4615384615
1000,1000,62,27,1,1,974,37.0370370370
1000,1000,63,27,1,1,974,37.0370370370
1000,1000,64,27,1,1,974,37.0370370370
1000,1000,65,28,1,1,973,35.7142857143
1000,1000,66,28,1,1,973,35.7142857143
1000,1000,67,29,1,1,972,34.4827586207
1000,1000,68,29,1,1,972,34.4827586207
1000,1000,69,30,1,1,971,33.3333333333
1000,1000,70,30,1,1,971,33.3333333333
1000,1000,71,30,1,1,971,33.3333333333
1000,1000,72,32,2,1,967,31.2500000000
1000,1000,73,33,2,1,966,30.3030303030
1000,1000,74,34,2,1,966,29.4117647059
1000,1000,75,36,1,1,965,27.7777777778
1000,1000,76,36,1,1,965,27.7777777778
1000,1000,77,37,1,1,964,27.0270270270
1000,1000,78,37,1,1,964,27.0270270270
1000,1000,79,38,1,1,963,26.3157894737
1000,1000,80,39,1,1,962,25.6410256410
1000,1000,81,39,1,1,962,25.6410256410
1000,1000,82,40,1,1,961,25.0000000000
1000,1000,83,40,1,1,961,25.0000000000
1000,1000,84,41,1,1,960,24.3902439024
1000,1000,85,42,1,1,959,23.8095238095
1000,1000,86,42,1,1,959,23.8095238095
1000,1000,87,43,1,1,958,23.2558139535
1000,1000,88,43,1,1,958,23.2558139535
1000,1000,89,44,1,1,957,22.7272727273
1000,1000,90,45,1,1,956,22.2222222222
1000,1000,91,45,1,1,956,22.2222222222
1000,1000,92,46,1,1,955,21.7391304348
1000,1000,93,46,1,1,955,21.7391304348
1000,1000,94,47,1,1,954,21.2765957447
1000,1000,95,48,1,1,953,20.8333333333
1000,1000,96,48,1,1,953,20.8333333333
1000,1000,97,49,1,1,952,20.4081632653
1000,1000,98,49,1,1,952,20.4081632653
1000,1000,99,50,1,1,951,20.0000000000
1000,1000,100,50,1,1,951,20.0000000000
1000,1000,101,51,1,1,950,19.6078431373
1000,1000,102,51,1,1,950,19.6078431373
1000,1000,103,52,1,1,949,19.2307692308
1000,1000,104,53,1,1,948,18.8679245283
1000,1000,105,53,1,1,948,18.8679245283
1000,1000,106,54,1,1,947,18.5185185185
1000,1000,107,55,1,1,946,18.1818181818
1000,1000,108,56,1,1,945,17.8571428571
1000,1000,109,56,1,1,945,17.8571428571
1000,1000,110,57,1,1,944,17.5438596491
1000,1000,111,57,1,1,944,17.5438596491
1000,1000,112,58,1,1,943,17.2413793103
1000,1000,113,58,1,1,943,17.2413793103
1000,1000,114,59,1,1,942,16.9491525424
1000,1000,115,59,1,1,942,16.9491525424
1000,1000,116,60,1,1,941,16.6666666667
1000,1000,117,60,1,1,941,16.6666666667
1000,1000,118,61,1,1,940,16.3934426230
1000,1000,119,61,1,1,940,16.3934426230
1000,1000,120,62,1,1,939,16.1290322581
1000,1000,121,62,1,1,939,16.1290322581
1000,1000,122,63,1,1,938,15.8730158730
1000,1000,123,64,1,1,937,15.6250000000
1000,1000,124,64,1,1,937,15.6250000000
1000,1000,125,65,1,1,936,15.3846153846
1000,1000,126,65,1,1,936,15.3846153846
1000,1000,127,66,1,1,935,15.1515151515
1000,1000,128,67,1,1,934,14.9253731343
1000,1000,129,67,1,1,934,14.9253731343
1000,1000,130,67,1,1,934,14.9253731343
1000,1000,131,67,1,1,934,14.9253731343
1000,1000,132,68,1,1,933,14.7058823529
1000,1000,133,68,1,1,933,14.7058823529
1000,1000,134,69,1,1,932,14.4927536232
1000,1000,135,70,1,1,931,14.2857142857
1000,1000,136,71,1,1,930,14.0845070423
1000,1000,137,71,1,1,930,14.0845070423
1000,1000,138,72,1,1,929,13.8888888889
1000,1000,139,73,1,1,928,13.6986301370
1000,1000,140,73,1,1,928,13.6986301370
1000,1000,141,74,1,1,927,13.5135135135
1000,1000,142,75,1,1,926,13.3333333333
1000,1000,143,76,1,1,925,13.1578947368
1000,1000,144,76,1,1,925,13.1578947368
1000,1000,145,76,1,1,925,13.1578947368
1000,1000,146,77,1,1,924,12.9870129870
1000,1000,147,77,1,1,924,12.9870129870
1000,1000,148,78,1,1,923,12.8205128205
1000,1000,149,78,1,1,923,12.8205128205
1000,1000,150,79,1,1,922,12.6582278481
1000,1000,151,80,1,1,921,12.5000000000
1000,1000,152,80,1,1,921,12.5000000000
1000,1000,153,81,1,1,920,12.3456790123
1000,1000,154,82,1,1,919,12.1951219512
1000,1000,155,83,1,1,918,12.0481927711
1000,1000,156,84,1,1,917,11.9047619048
1000,1000,157,84,1,1,917,11.9047619048
1000,1000,158,85,1,1,916,11.7647058824
1000,1000,159,85,1,1,916,11.7647058824
1000,1000,160,86,1,1,915,11.6279069767
1000,1000,161,86,1,1,915,11.6279069767
1000,1000,162,87,1,1,914,11.4942528736
1000,1000,163,87,1,1,914,11.4942528736
1000,1000,164,88,1,1,913,11.3636363636
1000,1000,165,89,1,1,912,11.2359550562
1000,1000,166,89,1,1,912,11.2359550562
1000,1000,167,90,1,1,911,11.1111111111
1000,1000,168,91,1,1,910,10.9890109890
1000,1000,169,92,1,1,909,10.8695652174
1000,1000,170,92,1,1,909,10.8695652174
1000,1000,171,93,1,1,908,10.7526881720
1000,1000,172,93,1,1,908,10.7526881720
1000,1000,173,94,1,1,907,10.6382978723
1000,1000,174,94,1,1,907,10.6382978723
1000,1000,175,95,1,1,906,10.5263157895
1000,1000,176,96,1,1,905,10.4166666667
1000,1000,177,97,1,1,904,10.3092783505
1000,1000,178,97,1,1,904,10.3092783505
1000,1000,179,98,1,1,903,10.2040816327
1000,1000,180,98,1,1,903,10.2040816327
1000,1000,181,99,1,1,902,10.1010101010
1000,1000,182,99,1,1,902,10.1010101010
1000,1000,183,100,1,1,901,10.0000000000
1000,1000,184,100,1,1,901,10.0000000000
1000,1000,185,101,1,1,900,9.9009900990
1000,1000,186,101,1,1,900,9.9009900990
1000,1000,187,102,1,1,899,9.8039215686
1000,1000,188,103,1,1,898,9.7087378641
1000,1000,189,103,1,1,898,9.7087378641
1000,1000,190,104,1,1,897,9.6153846154
1000,1000,191,104,1,1,897,9.6153846154
1000,1000,192,105,1,1,896,9.5238095238
1000,1000,193,105,1,1,896,9.5238095238
1000,1000,194,106,1,1,895,9.4339622642
1000,1000,195,106,1,1,895,9.4339622642
1000,1000,196,107,1,1,894,9.3457943925
1000,1000,197,107,1,1,894,9.3457943925
1000,1000,198,108,1,1,893,9.2592592593
1000,1000,199,108,1,1,893,9.2592592593
1000,1000,200,109,1,1,892,9.1743119266
1000,1000,201,109,1,1,892,9.1743119266
1000,1000,202,110,1,1,891,9.0909090909
1000,1000,203,110,1,1,891,9.0909090909
1000,1000,204,111,1,1,890,9.0090090090
1000,1000,205,112,1,1,889,8.9285714286
1000,1000,206,113,1,1,888,8.8495575221
1000,1000,207,114,1,1,887,8.7719298246
1000,1000,208,114,1,1,887,8.7719298246
1000,1000,209,115,1,1,886,8.6956521739
1000,1000,210,115,1,1,886,8.6956521739
1000,1000,211,116,1,1,885,8.6206896552
1000,1000,212,117,1,1,884,8.5470085470
1000,1000,213,118,1,1,883,8.4745762712
1000,1000,214,118,1,1,883,8.4745762712
1000,1000,215,119,1,1,882,8.4033613445
1000,1000,216,119,1,1,882,8.4033613445
1000,1000,217,120,1,1,881,8.3333333333
1000,1000,218,120,1,1,881,8.3333333333
1000,1000,219,120,1,1,881,8.3333333333
1000,1000,220,121,1,1,880,8.2644628099
1000,1000,221,122,1,1,879,8.1967213115
1000,1000,222,123,1,1,878,8.1300813008
1000,1000,223,123,1,1,878,8.1300813008
1000,1000,224,123,1,1,878,8.1300813008
1000,1000,225,124,1,1,877,8.0645161290
1000,1000,226,124,1,1,877,8.0645161290
1000,1000,227,125,1,1,876,8.0000000000
1000,1000,228,125,1,1,876,8.0000000000
1000,1000,229,126,1,1,875,7.9365079365
1000,1000,230,126,1,1,875,7.9365079365
1000,1000,231,127,1,1,874,7.8740157480
1000,1000,232,128,1,1,873,7.8125000000
1000,1000,233,128,1,1,873,7.8125000000
1000,1000,234,129,1,1,872,7.7519379845
1000,1000,235,129,1,1,872,7.7519379845
1000,1000,236,130,1,1,871,7.6923076923
1000,1000,237,130,1,1,871,7.6923076923
1000,1000,238,131,1,1,870,7.6335877863
1000,1000,239,132,1,1,869,7.5757575758
1000,1000,240,133,1,1,868,7.5187969925
1000,1000,241,134,1,1,867,7.4626865672
1000,1000,242,134,1,1,867,7.4626865672
1000,1000,243,134,1,1,867,7.4626865672
1000,1000,244,135,1,1,866,7.4074074074
1000,1000,245,135,1,1,866,7.4074074074
1000,1000,246,136,1,1,865,7.3529411765
1000,1000,247,136,1,1,865,7.3529411765
1000,1000,248,137,1,1,864,7.2992700730
1000,1000,249,138,1,1,863,7.2463768116
1000,1000,250,138,1,1,863,7.2463768116
1000,1000,251,139,1,1,862,7.1942446043
1000,1000,252,140,1,1,861,7.1428571429
1000,1000,253,140,1,1,861,7.1428571429
1000,1000,254,141,1,1,860,7.0921985816
1000,1000,255,141,1,1,860,7.0921985816
1000,1000,256,142,1,1,859,7.0422535211
1000,1000,257,143,1,1,858,6.9930069930
1000,1000,258,143,1,1,858,6.9930069930
1000,1000,259,144,1,1,857,6.9444444444
1000,1000,260,144,1,1,857,6.9444444444
1000,1000,261,145,1,1,856,6.8965517241
1000,1000,262,146,1,1,855,6.8493150685
1000,1000,263,147,1,1,854,6.8027210884
1000,1000,264,147,1,1,854,6.8027210884
1000,1000,265,148,1,1,853,6.7567567568
1000,1000,266,149,1,1,852,6.7114093960
1000,1000,267,149,1,1,852,6.7114093960
1000,1000,268,150,1,1,851,6.6666666667
1000,1000,269,150,1,1,851,6.6666666667
1000,1000,270,150,1,1,851,6.6666666667
1000,1000,271,151,1,1,850,6.6225165563
1000,1000,272,151,1,1,850,6.6225165563
1000,1000,273,152,1,1,849,6.5789473684
1000,1000,274,152,1,1,849,6.5789473684
1000,1000,275,153,1,1,848,6.5359477124
1000,1000,276,154,1,1,847,6.4935064935
1000,1000,277,155,1,1,846,6.4516129032
1000,1000,278,155,1,1,846,6.4516129032
1000,1000,279,156,1,1,845,6.4102564103
1000,1000,280,156,1,1,845,6.4102564103
1000,1000,281,157,1,1,844,6.3694267516
1000,1000,282,157,1,1,844,6.3694267516
1000,1000,283,158,1,1,843,6.3291139241
1000,1000,284,158,1,1,843,6.3291139241
1000,1000,285,159,1,1,842,6.2893081761
1000,1000,286,159,1,1,842,6.2893081761
1000,1000,287,160,1,1,841,6.2500000000
1000,1000,288,160,1,1,841,6.2500000000
1000,1000,289,161,1,1,840,6.2111801242
1000,1000,290,161,1,1,840,6.2111801242
1000,1000,291,162,1,1,839,6.1728395062
1000,1000,292,163,1,1,838,6.1349693252
1000,1000,293,163,1,1,838,6.1349693252
1000,1000,294,164,1,1,837,6.0975609756
1000,1000,295,164,1,1,837,6.0975609756
1000,1000,296,165,1,1,836,6.0606060606
1000,1000,297,165,1,1,836,6.0606060606
1000,1000,298,166,1,1,835,6.0240963855
1000,1000,299,167,1,1,834,5.9880239521
1000,1000,300,168,1,1,833,5.9523809524
1000,1000,301,169,1,1,832,5.9171597633
1000,1000,302,170,1,1,831,5.8823529412
1000,1000,303,171,1,1,830,5.8479532164
1000,1000,304,171,1,1,830,5.8479532164
1000,1000,305,172,1,1,829,5.8139534884
1000,1000,306,172,1,1,829,5.8139534884
1000,1000,307,173,1,1,828,5.7803468208
1000,1000,308,174,1,1,827,5.7471264368
1000,1000,309,174,1,1,827,5.7471264368
1000,1000,310,175,1,1,826,5.7142857143
1000,1000,311,175,1,1,826,5.7142857143
1000,1000,312,176,1,1,825,5.6818181818
1000,1000,313,177,1,1,824,5.6497175141
1000,1000,314,177,1,1,824,5.6497175141
1000,1000,315,178,1,1,823,5.6179775281
1000,1000,316,178,1,1,823,5.6179775281
1000,1000,317,179,1,1,822,5.5865921788
1000,1000,318,180,1,1,821,5.5555555556
1000,1000,319,180,1,1,821,5.5555555556
1000,1000,320,181,1,1,820,5.5248618785
1000,1000,321,182,1,1,819,5.4945054945
1000,1000,322,182,1,1,819,5.4945054945
1000,1000,323,183,1,1,818,5.4644808743
1000,1000,324,184,1,1,817,5.4347826087
1000,1000,325,184,1,1,817,5.4347826087
1000,1000,326,185,1,1,816,5.4054054054
1000,1000,327,185,1,1,816,5.4054054054
1000,1000,328,186,1,1,815,5.3763440860
1000,1000,329,186,1,1,815,5.3763440860
1000,1000,330,187,1,1,814,5.3475935829
1000,1000,331,188,1,1,813,5.3191489362
1000,1000,332,189,1,1,812,5.2910052910
1000,1000,333,189,1,1,812,5.2910052910
1000,1000,334,190,1,1,811,5.2631578947
1000,1000,335,190,1,1,811,5.2631578947
1000,1000,336,191,1,1,810,5.2356020942
1000,1000,337,192,1,1,809,5.2083333333
1000,1000,338,193,1,1,808,5.1813471503
1000,1000,339,193,1,1,808,5.1813471503
1000,1000,340,194,1,1,807,5.1546391753
1000,1000,341,194,1,1,807,5.1546391753
1000,1000,342,194,1,1,807,5.1546391753
1000,1000,343,195,1,1,806,5.1282051282
1000,1000,344,196,1,1,805,5.1020408163
1000,1000,345,197,1,1,804,5.0761421320
1000,1000,346,197,1,1,804,5.0761421320
1000,1000,347,198,1,1,803,5.0505050505
1000,1000,348,198,1,1,803,5.0505050505
1000,1000,349,199,1,1,802,5.0251256281
1000,1000,350,199,1,1,802,5.0251256281
1000,1000,351,200,1,1,801,5.0000000000
1000,1000,352,200,1,1,801,5.0000000000
1000,1000,353,201,1,1,800,4.9751243781
1000,1000,354,202,1,1,799,4.9504950495
1000,1000,355,203,1,1,798,4.9261083744
1000,1000,356,203,1,1,798,4.9261083744
1000,1000,357,204,1,1,797,4.9019607843
1000,1000,358,205,1,1,796,4.8780487805
1000,1000,359,206,1,1,795,4.8543689320
1000,1000,360,206,1,1,795,4.8543689320
1000,1000,361,207,1,1,794,4.8309178744
1000,1000,362,207,1,1,794,4.8309178744
1000,1000,363,208,1,1,793,4.8076923077
1000,1000,364,209,1,1,792,4.7846889952
1000,1000,365,209,1,1,792,4.7846889952
1000,1000,366,210,1,1,791,4.7619047619
1000,1000,367,211,1,1,790,4.7393364929
1000,1000,368,211,1,1,790,4.7393364929
1000,1000,369,212,1,1,789,4.7169811321
1000,1000,370,213,1,1,788,4.6948356808
1000,1000,371,214,1,1,787,4.6728971963
1000,1000,372,215,1,1,786,4.6511627907
1000,1000,373,215,1,1,786,4.6511627907
1000,1000,374,216,1,1,785,4.6296296296
1000,1000,375,216,1,1,785,4.6296296296
1000,1000,376,217,1,1,784,4.6082949309
1000,1000,377,218,1,1,783,4.5871559633
1000,1000,378,218,1,1,783,4.5871559633
1000,1000,379,219,1,1,782,4.5662100457
1000,1000,380,219,1,1,782,4.5662100457
1000,1000,381,220,1,1,781,4.5454545455
1000,1000,382,220,1,1,781,4.5454545455
1000,1000,383,221,1,1,780,4.5248868778
1000,1000,384,221,1,1,780,4.5248868778
1000,1000,385,222,1,1,779,4.5045045045
1000,1000,386,223,1,1,778,4.4843049327
1000,1000,387,223,1,1,778,4.4843049327
1000,1000,388,224,1,1,777,4.4642857143
1000,1000,389,225,1,1,776,4.4444444444
1000,1000,390,226,1,1,775,4.4247787611
1000,1000,391,226,1,1,775,4.4247787611
1000,1000,392,227,1,1,774,4.4052863436
1000,1000,393,228,1,1,773,4.3859649123
1000,1000,394,229,1,1,772,4.3668122271
1000,1000,395,229,1,1,772,4.3668122271
1000,1000,396,230,1,1,771,4.3478260870
1000,1000,397,230,1,1,771,4.3478260870
1000,1000,398,231,1,1,770,4.3290043290
1000,1000,399,231,1,1,770,4.3290043290
1000,1000,400,232,1,1,769,4.3103448276
1000,1000,401,233,1,1,768,4.2918454936
1000,1000,402,233,1,1,768,4.2918454936
1000,1000,403,234,1,1,767,4.2735042735
1000,1000,404,234,1,1,767,4.2735042735
1000,1000,405,235,1,1,766,4.2553191489
1000,1000,406,236,1,1,765,4.2372881356
1000,1000,407,236,1,1,765,4.2372881356
1000,1000,408,237,1,1,764,4.2194092827
1000,1000,409,238,1,1,763,4.2016806723
1000,1000,410,239,1,1,762,4.1841004184
1000,1000,411,239,1,1,762,4.1841004184
1000,1000,412,239,1,1,762,4.1841004184
1000,1000,413,240,1,1,761,4.1666666667
1000,1000,414,240,1,1,761,4.1666666667
1000,1000,415,241,1,1,760,4.1493775934
1000,1000,416,242,1,1,759,4.1322314050
1000,1000,417,242,1,1,759,4.1322314050
1000,1000,418,243,1,1,758,4.1152263374
1000,1000,419,243,1,1,758,4.1152263374
1000,1000,420,244,1,1,757,4.0983606557
1000,1000,421,245,1,1,756,4.0816326531
1000,1000,422,245,1,1,756,4.0816326531
1000,1000,423,246,1,1,755,4.0650406504
1000,1000,424,246,1,1,755,4.0650406504
1000,1000,425,247,1,1,754,4.0485829960
1000,1000,426,247,1,1,754,4.0485829960
1000,1000,427,248,1,1,753,4.0322580645
1000,1000,428,249,1,1,752,4.0160642570
1000,1000,429,250,1,1,751,4.0000000000
1000,1000,430,250,1,1,751,4.0000000000
1000,1000,431,251,1,1,750,3.9840637450
1000,1000,432,251,1,1,750,3.9840637450
1000,1000,433,252,1,1,749,3.9682539683
1000,1000,434,252,1,1,749,3.9682539683
1000,1000,435,253,1,1,748,3.9525691700
1000,1000,436,254,1,1,747,3.9370078740
1000,1000,437,254,1,1,747,3.9370078740
1000,1000,438,255,1,1,746,3.9215686275
1000,1000,439,256,1,1,745,3.9062500000
1000,1000,440,257,1,1,744,3.8910505837
1000,1000,441,257,1,1,744,3.8910505837
1000,1000,442,257,1,1,744,3.8910505837
1000,1000,443,258,1,1,743,3.8759689922
1000,1000,444,259,1,1,742,3.8610038610
1000,1000,445,260,1,1,741,3.8461538462
1000,1000,446,260,1,1,741,3.8461538462
1000,1000,447,261,1,1,740,3.8314176245
1000,1000,448,261,1,1,740,3.8314176245
1000,1000,449,262,1,1,739,3.8167938931
1000,1000,450,262,1,1,739,3.8167938931
1000,1000,451,263,1,1,738,3.8022813688
1000,1000,452,264,1,1,737,3.7878787879
1000,1000,453,265,1,1,736,3.7735849057
1000,1000,454,266,1,1,735,3.7593984962
1000,1000,455,266,1,1,735,3.7593984962
1000,1000,456,267,1,1,734,3.7453183521
1000,1000,457,267,1,1,734,3.7453183521
1000,1000,458,268,1,1,733,3.7313432836
1000,1000,459,268,1,1,733,3.7313432836
1000,1000,460,269,1,1,732,3.7174721190
1000,1000,461,269,1,1,732,3.7174721190
1000,1000,462,270,1,1,731,3.7037037037
1000,1000,463,271,1,1,730,3.6900369004
1000,1000,464,272,1,1,729,3.6764705882
1000,1000,465,273,1,1,728,3.6630036630
1000,1000,466,273,1,1,728,3.6630036630
1000,1000,467,273,1,1,728,3.6630036630
1000,1000,468,274,1,1,727,3.6496350365
1000,1000,469,274,1,1,727,3.6496350365
1000,1000,470,275,1,1,726,3.6363636364
1000,1000,471,276,1,1,725,3.6231884058
1000,1000,472,277,1,1,724,3.6101083032
1000,1000,473,277,1,1,724,3.6101083032
1000,1000,474,278,1,1,723,3.5971223022
1000,1000,475,279,1,1,722,3.5842293907
1000,1000,476,279,1,1,722,3.5842293907
1000,1000,477,280,1,1,721,3.5714285714
1000,1000,478,281,1,1,720,3.5587188612
1000,1000,479,281,1,1,720,3.5587188612
1000,1000,480,282,1,1,719,3.5460992908
1000,1000,481,282,1,1,719,3.5460992908
1000,1000,482,283,1,1,718,3.5335689046
1000,1000,483,283,1,1,718,3.5335689046
1000,1000,484,284,1,1,717,3.5211267606
1000,1000,485,285,1,1,716,3.5087719298
1000,1000,486,285,1,1,716,3.5087719298
1000,1000,487,285,1,1,716,3.5087719298
1000,1000,488,286,1,1,715,3.4965034965
1000,1000,489,287,1,1,714,3.4843205575
1000,1000,490,288,1,1,713,3.4722222222
1000,1000,491,288,1,1,713,3.4722222222
1000,1000,492,289,1,1,712,3.4602076125
1000,1000,493,289,1,1,712,3.4602076125
1000,1000,494,289,1,1,712,3.4602076125
1000,1000,495,290,1,1,711,3.4482758621
1000,1000,496,290,1,1,711,3.4482758621
1000,1000,497,291,1,1,710,3.4364261168
1000,1000,498,291,1,1,710,3.4364261168
1000,1000,499,291,1,1,710,3.4364261168
1000,1000,500,291,1,1,710,3.4364261168
1000,1000,501,292,1,1,709,3.4246575342
1000,1000,502,293,1,1,708,3.4129692833
1000,1000,503,294,1,1,707,3.4013605442
1000,1000,504,295,1,1,706,3.3898305085
1000,1000,505,295,1,1,706,3.3898305085
1000,1000,506,296,1,1,705,3.3783783784
1000,1000,507,297,1,1,704,3.3670033670
1000,1000,508,298,1,1,703,3.3557046980
1000,1000,509,298,1,1,703,3.3557046980
1000,1000,510,299,1,1,702,3.3444816054
1000,1000,511,300,1,1,701,3.3333333333
1000,1000,512,301,1,1,700,3.3222591362
1000,1000,513,301,1,1,700,3.3222591362
1000,1000,514,302,1,1,699,3.3112582781
1000,1000,515,302,1,1,699,3.3112582781
1000,1000,516,303,1,1,698,3.3003300330
1000,1000,517,303,1,1,698,3.3003300330
1000,1000,518,304,1,1,697,3.2894736842
1000,1000,519,305,1,1,696,3.2786885246
1000,1000,520,306,1,1,695,3.2679738562
1000,1000,521,307,1,1,694,3.2573289902
1000,1000,522,307,1,1,694,3.2573289902
1000,1000,523,308,1,1,693,3.2467532468
1000,1000,524,308,1,1,693,3.2467532468
1000,1000,525,309,1,1,692,3.2362459547
1000,1000,526,310,1,1,691,3.2258064516
1000,1000,527,311,1,1,690,3.2154340836
1000,1000,528,311,1,1,690,3.2154340836
1000,1000,529,312,1,1,689,3.2051282051
1000,1000,530,312,1,1,689,3.2051282051
1000,1000,531,313,1,1,688,3.1948881789
1000,1000,532,314,1,1,687,3.1847133758
1000,1000,533,314,1,1,687,3.1847133758
1000,1000,534,314,1,1,687,3.1847133758
1000,1000,535,315,1,1,686,3.1746031746
1000,1000,536,315,1,1,686,3.1746031746
1000,1000,537,316,1,1,685,3.1645569620
1000,1000,538,317,1,1,684,3.1545741325
1000,1000,539,318,1,1,683,3.1446540881
1000,1000,540,319,1,1,682,3.1347962382
1000,1000,541,319,1,1,682,3.1347962382
1000,1000,542,320,1,1,681,3.1250000000
1000,1000,543,320,1,1,681,3.1250000000
1000,1000,544,321,1,1,680,3.1152647975
1000,1000,545,322,1,1,679,3.1055900621
1000,1000,546,323,1,1,678,3.0959752322
1000,1000,547,324,1,1,677,3.0864197531
1000,1000,548,324,1,1,677,3.0864197531
1000,1000,549,325,1,1,676,3.0769230769
1000,1000,550,325,1,1,676,3.0769230769
1000,1000,551,326,1,1,675,3.0674846626
1000,1000,552,326,1,1,675,3.0674846626
1000,1000,553,327,1,1,674,3.0581039755
1000,1000,554,327,1,1,674,3.0581039755
1000,1000,555,328,1,1,673,3.0487804878
1000,1000,556,329,1,1,672,3.0395136778
1000,1000,557,330,1,1,671,3.0303030303
1000,1000,558,331,1,1,670,3.0211480363
1000,1000,559,331,1,1,670,3.0211480363
1000,1000,560,332,1,1,669,3.0120481928
1000,1000,561,332,1,1,669,3.0120481928
1000,1000,562,333,1,1,668,3.0030030030
1000,1000,563,334,1,1,667,2.9940119760
1000,1000,564,334,1,1,667,2.9940119760
1000,1000,565,335,1,1,666,2.9850746269
1000,1000,566,335,1,1,666,2.9850746269
1000,1000,567,336,1,1,665,2.9761904762
1000,1000,568,336,1,1,665,2.9761904762
1000,1000,569,337,1,1,664,2.9673590504
1000,1000,570,338,1,1,663,2.9585798817
1000,1000,571,339,1,1,662,2.9498525074
1000,1000,572,339,1,1,662,2.9498525074
1000,1000,573,340,1,1,661,2.9411764706
1000,1000,574,341,1,1,660,2.9325513196
1000,1000,575,341,1,1,660,2.9325513196
1000,1000,576,342,1,1,659,2.9239766082
1000,1000,577,342,1,1,659,2.9239766082
1000,1000,578,343,1,1,658,2.9154518950
1000,1000,579,344,1,1,657,2.9069767442
1000,1000,580,344,1,1,657,2.9069767442
1000,1000,581,345,1,1,656,2.8985507246
1000,1000,582,345,1,1,656,2.8985507246
1000,1000,583,346,1,1,655,2.8901734104
1000,1000,584,347,1,1,654,2.8818443804
1000,1000,585,348,1,1,653,2.8735632184
1000,1000,586,348,1,1,653,2.8735632184
1000,1000,587,349,1,1,652,2.8653295129
1000,1000,588,350,1,1,651,2.8571428571
1000,1000,589,350,1,1,651,2.8571428571
1000,1000,590,351,1,1,650,2.8490028490
1000,1000,591,352,1,1,649,2.8409090909
1000,1000,592,353,1,1,648,2.8328611898
1000,1000,593,353,1,1,648,2.8328611898
1000,1000,594,354,1,1,647,2.8248587571
1000,1000,595,355,1,1,646,2.8169014085
1000,1000,596,356,1,1,645,2.8089887640
1000,1000,597,357,1,1,644,2.8011204482
1000,1000,598,357,1,1,644,2.8011204482
1000,1000,599,358,1,1,643,2.7932960894
1000,1000,600,358,1,1,643,2.7932960894
1000,1000,601,359,1,1,642,2.7855153203
1000,1000,602,359,1,1,642,2.7855153203
1000,1000,603,359,1,1,642,2.7855153203
1000,1000,604,360,1,1,641,2.7777777778
1000,1000,605,360,1,1,641,2.7777777778
1000,1000,606,361,1,1,640,2.7700831025
1000,1000,607,362,1,1,639,2.7624309392
1000,1000,608,363,1,1,638,2.7548209366
1000,1000,609,363,1,1,638,2.7548209366
1000,1000,610,364,1,1,637,2.7472527473
1000,1000,611,365,1,1,636,2.7397260274
1000,1000,612,366,1,1,635,2.7322404372
1000,1000,613,366,1,1,635,2.7322404372
1000,1000,614,367,1,1,634,2.7247956403
1000,1000,615,368,1,1,633,2.7173913043
1000,1000,616,368,1,1,633,2.7173913043
1000,1000,617,369,1,1,632,2.7100271003
1000,1000,618,369,1,1,632,2.7100271003
1000,1000,619,370,1,1,631,2.7027027027
1000,1000,620,371,1,1,630,2.6954177898
1000,1000,621,371,1,1,630,2.6954177898
1000,1000,622,371,1,1,630,2.6954177898
1000,1000,623,372,1,1,629,2.6881720430
1000,1000,624,373,1,1,628,2.6809651475
1000,1000,625,374,1,1,627,2.6737967914
1000,1000,626,374,1,1,627,2.6737967914
1000,1000,627,375,1,1,626,2.6666666667
1000,1000,628,376,1,1,625,2.6595744681
1000,1000,629,377,1,1,624,2.6525198939
1000,1000,630,378,1,1,623,2.6455026455
1000,1000,631,379,1,1,622,2.6385224274
1000,1000,632,379,1,1,622,2.6385224274
1000,1000,633,380,1,1,621,2.6315789474
1000,1000,634,381,1,1,620,2.6246719160
1000,1000,635,381,1,1,620,2.6246719160
1000,1000,636,382,1,1,619,2.6178010471
1000,1000,637,383,1,1,618,2.6109660574
1000,1000,638,384,1,1,617,2.6041666667
1000,1000,639,385,1,1,616,2.5974025974
1000,1000,640,385,1,1,616,2.5974025974
1000,1000,641,386,1,1,615,2.5906735751
1000,1000,642,386,1,1,615,2.5906735751
1000,1000,643,387,1,1,614,2.5839793282
1000,1000,644,387,1,1,614,2.5839793282
1000,1000,645,388,1,1,613,2.5773195876
1000,1000,646,388,1,1,613,2.5773195876
1000,1000,647,389,1,1,612,2.5706940874
1000,1000,648,390,1,1,611,2.5641025641
1000,1000,649,390,1,1,611,2.5641025641
1000,1000,650,391,1,1,610,2.5575447570
1000,1000,651,391,1,1,610,2.5575447570
1000,1000,652,392,1,1,609,2.5510204082
1000,1000,653,393,1,1,608,2.5445292621
1000,1000,654,394,1,1,607,2.5380710660
1000,1000,655,395,1,1,606,2.5316455696
1000,1000,656,395,1,1,606,2.5316455696
1000,1000,657,396,1,1,605,2.5252525253
1000,1000,658,396,1,1,605,2.5252525253
1000,1000,659,397,1,1,604,2.5188916877
1000,1000,660,397,1,1,604,2.5188916877
1000,1000,661,398,1,1,603,2.5125628141
1000,1000,662,398,1,1,603,2.5125628141
1000,1000,663,399,1,1,602,2.5062656642
1000,1000,664,400,1,1,601,2.5000000000
1000,1000,665,400,1,1,601,2.5000000000
1000,1000,666,401,1,1,600,2.4937655860
1000,1000,667,402,1,1,599,2.4875621891
1000,1000,668,403,1,1,598,2.4813895782
1000,1000,669,403,1,1,598,2.4813895782
1000,1000,670,404,1,1,597,2.4752475248
1000,1000,671,404,1,1,597,2.4752475248
1000,1000,672,405,1,1,596,2.4691358025
1000,1000,673,405,1,1,596,2.4691358025
1000,1000,674,406,1,1,595,2.4630541872
1000,1000,675,406,1,1,595,2.4630541872
1000,1000,676,407,1,1,594,2.4570024570
1000,1000,677,408,1,1,593,2.4509803922
1000,1000,678,408,1,1,593,2.4509803922
1000,1000,679,409,1,1,592,2.4449877751
1000,1000,680,410,1,1,591,2.4390243902
1000,1000,681,411,1,1,590,2.4330900243
1000,1000,682,411,1,1,590,2.4330900243
1000,1000,683,412,1,1,589,2.4271844660
1000,1000,684,413,1,1,588,2.4213075061
1000,1000,685,414,1,1,587,2.4154589372
1000,1000,686,414,1,1,587,2.4154589372
1000,1000,687,415,1,1,586,2.4096385542
1000,1000,688,415,1,1,586,2.4096385542
1000,1000,689,416,1,1,585,2.4038461538
1000,1000,690,416,1,1,585,2.4038461538
1000,1000,691,417,1,1,584,2.3980815348
1000,1000,692,418,1,1,583,2.3923444976
1000,1000,693,419,1,1,582,2.3866348449
1000,1000,694,419,1,1,582,2.3866348449
1000,1000,695,420,1,1,581,2.3809523810
1000,1000,696,420,1,1,581,2.3809523810
1000,1000,697,421,1,1,580,2.3752969121
1000,1000,698,422,1,1,579,2.3696682464
1000,1000,699,423,1,1,578,2.3640661939
1000,1000,700,423,1,1,578,2.3640661939
1000,1000,701,424,1,1,577,2.3584905660
1000,1000,702,425,1,1,576,2.3529411765
1000,1000,703,425,1,1,576,2.3529411765
1000,1000,704,426,1,1,575,2.3474178404
1000,1000,705,427,1,1,574,2.3419203747
1000,1000,706,427,1,1,574,2.3419203747
1000,1000,707,428,1,1,573,2.3364485981
1000,1000,708,428,1,1,573,2.3364485981
1000,1000,709,429,1,1,572,2.3310023310
1000,1000,710,430,1,1,571,2.3255813953
1000,1000,711,430,1,1,571,2.3255813953
1000,1000,712,431,1,1,570,2.3201856148
1000,1000,713,432,1,1,569,2.3148148148
1000,1000,714,433,1,1,568,2.3094688222
1000,1000,715,434,1,1,567,2.3041474654
1000,1000,716,434,1,1,567,2.3041474654
1000,1000,717,435,1,1,566,2.2988505747
1000,1000,718,436,1,1,565,2.2935779817
1000,1000,719,436,1,1,565,2.2935779817
1000,1000,720,437,1,1,564,2.2883295195
1000,1000,721,437,1,1,564,2.2883295195
1000,1000,722,438,1,1,563,2.2831050228
1000,1000,723,439,1,1,562,2.2779043280
1000,1000,724,439,1,1,562,2.2779043280
1000,1000,725,440,1,1,561,2.2727272727
1000,1000,726,441,1,1,560,2.2675736961
1000,1000,727,442,1,1,559,2.2624434389
1000,1000,728,443,1,1,558,2.2573363431
1000,1000,729,443,1,1,558,2.2573363431
1000,1000,730,444,1,1,557,2.2522522523
1000,1000,731,445,1,1,556,2.2471910112
1000,1000,732,446,1,1,555,2.2421524664
1000,1000,733,447,1,1,554,2.2371364653
1000,1000,734,447,1,1,554,2.2371364653
1000,1000,735,448,1,1,553,2.2321428571
1000,1000,736,448,1,1,553,2.2321428571
1000,1000,737,449,1,1,552,2.2271714922
1000,1000,738,450,1,1,551,2.2222222222
1000,1000,739,451,1,1,550,2.2172949002
1000,1000,740,452,1,1,549,2.2123893805
1000,1000,741,452,1,1,549,2.2123893805
1000,1000,742,453,1,1,548,2.2075055188
1000,1000,743,454,1,1,547,2.2026431718
1000,1000,744,455,1,1,546,2.1978021978
1000,1000,745,455,1,1,546,2.1978021978
1000,1000,746,456,1,1,545,2.1929824561
1000,1000,747,456,1,1,545,2.1929824561
1000,1000,748,457,1,1,544,2.1881838074
1000,1000,749,458,1,1,543,2.1834061135
1000,1000,750,458,1,1,543,2.1834061135
1000,1000,751,459,1,1,542,2.1786492375
1000,1000,752,460,1,1,541,2.1739130435
1000,1000,753,461,1,1,540,2.1691973970
1000,1000,754,462,1,1,539,2.1645021645
1000,1000,755,462,1,1,539,2.1645021645
1000,1000,756,462,1,1,539,2.1645021645
1000,1000,757,463,1,1,538,2.1598272138
1000,1000,758,464,1,1,537,2.1551724138
1000,1000,759,465,1,1,536,2.1505376344
1000,1000,760,466,1,1,535,2.1459227468
1000,1000,761,466,1,1,535,2.1459227468
1000,1000,762,467,1,1,534,2.1413276231
1000,1000,763,467,1,1,534,2.1413276231
1000,1000,764,468,1,1,533,2.1367521368
1000,1000,765,469,1,1,532,2.1321961620
1000,1000,766,469,1,1,532,2.1321961620
1000,1000,767,470,1,1,531,2.1276595745
1000,1000,768,470,1,1,531,2.1276595745
1000,1000,769,471,1,1,530,2.1231422505
1000,1000,770,471,1,1,530,2.1231422505
1000,1000,771,472,1,1,529,2.1186440678
1000,1000,772,472,1,1,529,2.1186440678
1000,1000,773,473,1,1,528,2.1141649049
1000,1000,774,474,1,1,527,2.1097046414
1000,1000,775,475,1,1,526,2.1052631579
1000,1000,776,476,1,1,525,2.1008403361
1000,1000,777,477,1,1,524,2.0964360587
1000,1000,778,478,1,1,523,2.0920502092
1000,1000,779,479,1,1,522,2.0876826722
1000,1000,780,479,1,1,522,2.0876826722
1000,1000,781,480,1,1,521,2.0833333333
1000,1000,782,481,1,1,520,2.0790020790
1000,1000,783,482,1,1,519,2.0746887967
1000,1000,784,482,1,1,519,2.0746887967
1000,1000,785,483,1,1,518,2.0703933747
1000,1000,786,483,1,1,518,2.0703933747
1000,1000,787,483,1,1,518,2.0703933747
1000,1000,788,484,1,1,517,2.0661157025
1000,1000,789,484,1,1,517,2.0661157025
1000,1000,790,485,1,1,516,2.0618556701
1000,1000,791,486,1,1,515,2.0576131687
1000,1000,792,487,1,1,514,2.0533880903
1000,1000,793,488,1,1,513,2.0491803279
1000,1000,794,489,1,1,512,2.0449897751
1000,1000,795,489,1,1,512,2.0449897751
1000,1000,796,490,1,1,511,2.0408163265
1000,1000,797,490,1,1,511,2.0408163265
1000,1000,798,491,1,1,510,2.0366598778
1000,1000,799,491,1,1,510,2.0366598778
1000,1000,800,492,1,1,509,2.0325203252
1000,1000,801,492,1,1,509,2.0325203252
1000,1000,802,493,1,1,508,2.0283975659
1000,1000,803,494,1,1,507,2.0242914980
1000,1000,804,495,1,1,506,2.0202020202
1000,1000,805,496,1,1,505,2.0161290323
1000,1000,806,497,1,1,504,2.0120724346
1000,1000,807,498,1,1,503,2.0080321285
1000,1000,808,498,1,1,503,2.0080321285
1000,1000,809,499,1,1,502,2.0040080160
1000,1000,810,499,1,1,502,2.0040080160
1000,1000,811,500,1,1,501,2.0000000000
1000,1000,812,501,1,1,500,1.9960079840
1000,1000,813,501,1,1,500,1.9960079840
1000,1000,814,502,1,1,499,1.9920318725
1000,1000,815,503,1,1,498,1.9880715706
1000,1000,816,504,1,1,497,1.9841269841
1000,1000,817,504,1,1,497,1.9841269841
1000,1000,818,505,1,1,496,1.9801980198
1000,1000,819,505,1,1,496,1.9801980198
1000,1000,820,506,1,1,495,1.9762845850
1000,1000,821,507,1,1,494,1.9723865878
1000,1000,822,508,1,1,493,1.9685039370
1000,1000,823,509,1,1,492,1.9646365422
1000,1000,824,509,1,1,492,1.9646365422
1000,1000,825,510,1,1,491,1.9607843137
1000,1000,826,511,1,1,490,1.9569471624
1000,1000,827,511,1,1,490,1.9569471624
1000,1000,828,512,1,1,489,1.9531250000
1000,1000,829,513,1,1,488,1.9493177388
1000,1000,830,514,1,1,487,1.9455252918
1000,1000,831,514,1,1,487,1.9455252918
1000,1000,832,515,1,1,486,1.9417475728
1000,1000,833,515,1,1,486,1.9417475728
1000,1000,834,516,1,1,485,1.9379844961
1000,1000,835,517,1,1,484,1.9342359768
1000,1000,836,518,1,1,483,1.9305019305
1000,1000,837,518,1,1,483,1.9305019305
1000,1000,838,519,1,1,482,1.9267822736
1000,1000,839,519,1,1,482,1.9267822736
1000,1000,840,520,1,1,481,1.9230769231
1000,1000,841,521,1,1,480,1.9193857965
1000,1000,842,522,1,1,479,1.9157088123
1000,1000,843,522,1,1,479,1.9157088123
1000,1000,844,523,1,1,478,1.9120458891
1000,1000,845,523,1,1,478,1.9120458891
1000,1000,846,524,1,1,477,1.9083969466
1000,1000,847,525,1,1,476,1.9047619048
1000,1000,848,526,1,1,475,1.9011406844
1000,1000,849,527,1,1,474,1.8975332068
1000,1000,850,528,1,1,473,1.8939393939
1000,1000,851,528,1,1,473,1.8939393939
1000,1000,852,529,1,1,472,1.8903591682
1000,1000,853,530,1,1,471,1.8867924528
1000,1000,854,530,1,1,471,1.8867924528
1000,1000,855,531,1,1,470,1.8832391714
1000,1000,856,532,1,1,469,1.8796992481
1000,1000,857,533,1,1,468,1.8761726079
1000,1000,858,534,1,1,467,1.8726591760
1000,1000,859,535,1,1,466,1.8691588785
1000,1000,860,535,1,1,466,1.8691588785
1000,1000,861,536,1,1,465,1.8656716418
1000,1000,862,536,1,1,465,1.8656716418
1000,1000,863,537,1,1,464,1.8621973929
1000,1000,864,537,1,1,464,1.8621973929
1000,1000,865,538,1,1,463,1.8587360595
1000,1000,866,539,1,1,462,1.8552875696
1000,1000,867,540,1,1,461,1.8518518519
1000,1000,868,540,1,1,461,1.8518518519
1000,1000,869,541,1,1,460,1.8484288355
1000,1000,870,542,1,1,459,1.8450184502
1000,1000,871,543,1,1,458,1.8416206262
1000,1000,872,543,1,1,458,1.8416206262
1000,1000,873,544,1,1,457,1.8382352941
1000,1000,874,545,1,1,456,1.8348623853
1000,1000,875,546,1,1,455,1.8315018315
1000,1000,876,547,1,1,454,1.8281535649
1000,1000,877,548,1,1,453,1.8248175182
1000,1000,878,549,1,1,452,1.8214936248
1000,1000,879,550,1,1,451,1.8181818182
1000,1000,880,551,1,1,450,1.8148820327
1000,1000,881,551,1,1,450,1.8148820327
1000,1000,882,552,1,1,449,1.8115942029
1000,1000,883,553,1,1,448,1.8083182640
1000,1000,884,553,1,1,448,1.8083182640
1000,1000,885,554,1,1,447,1.8050541516
1000,1000,886,554,1,1,447,1.8050541516
1000,1000,887,555,1,1,446,1.8018018018
1000,1000,888,556,1,1,445,1.7985611511
1000,1000,889,557,1,1,444,1.7953321364
1000,1000,890,558,1,1,443,1.7921146953
1000,1000,891,558,1,1,443,1.7921146953
1000,1000,892,559,1,1,442,1.7889087657
1000,1000,893,560,1,1,441,1.7857142857
1000,1000,894,560,1,1,441,1.7857142857
1000,1000,895,561,1,1,440,1.7825311943
1000,1000,896,561,1,1,440,1.7825311943
1000,1000,897,562,1,1,439,1.7793594306
1000,1000,898,563,1,1,438,1.7761989343
1000,1000,899,564,1,1,437,1.7730496454
1000,1000,900,565,1,1,436,1.7699115044
1000,1000,901,565,1,1,436,1.7699115044
1000,1000,902,566,1,1,435,1.7667844523
1000,1000,903,566,1,1,435,1.7667844523
1000,1000,904,567,1,1,434,1.7636684303
1000,1000,905,567,1,1,434,1.7636684303
1000,1000,906,568,1,1,433,1.7605633803
1000,1000,907,569,1,1,432,1.7574692443
1000,1000,908,569,1,1,432,1.7574692443
1000,1000,909,570,1,1,431,1.7543859649
1000,1000,910,570,1,1,431,1.7543859649
1000,1000,911,571,1,1,430,1.7513134851
1000,1000,912,572,1,1,429,1.7482517483
1000,1000,913,573,1,1,428,1.7452006981
1000,1000,914,574,1,1,427,1.7421602787
1000,1000,915,575,1,1,426,1.7391304348
1000,1000,916,575,1,1,426,1.7391304348
1000,1000,917,576,1,1,425,1.7361111111
1000,1000,918,577,1,1,424,1.7331022530
1000,1000,919,578,1,1,423,1.7301038062
1000,1000,920,578,1,1,423,1.7301038062
1000,1000,921,579,1,1,422,1.7271157168
1000,1000,922,580,1,1,421,1.7241379310
1000,1000,923,581,1,1,420,1.7211703959
1000,1000,924,581,1,1,420,1.7211703959
1000,1000,925,582,1,1,419,1.7182130584
1000,1000,926,582,1,1,419,1.7182130584
1000,1000,927,583,1,1,418,1.7152658662
1000,1000,928,583,1,1,418,1.7152658662
1000,1000,929,584,1,1,417,1.7123287671
1000,1000,930,585,1,1,416,1.7094017094
1000,1000,931,586,1,1,415,1.7064846416
1000,1000,932,587,1,1,414,1.7035775128
1000,1000,933,588,1,1,413,1.7006802721
1000,1000,934,588,1,1,413,1.7006802721
1000,1000,935,589,1,1,412,1.6977928693
1000,1000,936,590,1,1,411,1.6949152542
1000,1000,937,590,1,1,411,1.6949152542
1000,1000,938,591,1,1,410,1.6920473773
1000,1000,939,592,1,1,409,1.6891891892
1000,1000,940,593,1,1,408,1.6863406408
1000,1000,941,594,1,1,407,1.6835016835
1000,1000,942,594,1,1,407,1.6835016835
1000,1000,943,595,1,1,406,1.6806722689
1000,1000,944,596,1,1,405,1.6778523490
1000,1000,945,597,1,1,404,1.6750418760
1000,1000,946,597,1,1,404,1.6750418760
1000,1000,947,598,1,1,403,1.6722408027
1000,1000,948,598,1,1,403,1.6722408027
1000,1000,949,599,1,1,402,1.6694490818
1000,1000,950,599,1,1,402,1.6694490818
1000,1000,951,600,1,1,401,1.6666666667
1000,1000,952,601,1,1,400,1.6638935108
1000,1000,953,601,1,1,400,1.6638935108
1000,1000,954,602,1,1,399,1.6611295681
1000,1000,955,603,1,1,398,1.6583747927
1000,1000,956,604,1,1,397,1.6556291391
1000,1000,957,605,1,1,396,1.6528925620
1000,1000,958,606,1,1,395,1.6501650165
1000,1000,959,607,1,1,394,1.6474464580
1000,1000,960,608,1,1,393,1.6447368421
1000,1000,961,608,1,1,393,1.6447368421
1000,1000,962,609,1,1,392,1.6420361248
1000,1000,963,609,1,1,392,1.6420361248
1000,1000,964,610,1,1,391,1.6393442623
1000,1000,965,611,1,1,390,1.6366612111
1000,1000,966,612,1,1,389,1.6339869281
1000,1000,967,612,1,1,389,1.6339869281
1000,1000,968,613,1,1,388,1.6313213703
1000,1000,969,614,1,1,387,1.6286644951
1000,1000,970,614,1,1,387,1.6286644951
1000,1000,971,615,1,1,386,1.6260162602
1000,1000,972,616,1,1,385,1.6233766234
1000,1000,973,616,1,1,385,1.6233766234
1000,1000,974,617,1,1,384,1.6207455429
1000,1000,975,618,1,1,383,1.6181229773
1000,1000,976,619,1,1,382,1.6155088853
1000,1000,977,619,1,1,382,1.6155088853
1000,1000,978,620,1,1,381,1.6129032258
1000,1000,979,621,1,1,380,1.6103059581
1000,1000,980,621,1,1,380,1.6103059581
1000,1000,981,622,1,1,379,1.6077170418
1000,1000,982,622,1,1,379,1.6077170418
1000,1000,983,623,1,1,378,1.6051364366
1000,1000,984,624,1,1,377,1.6025641026
1000,1000,985,624,1,1,377,1.6025641026
1000,1000,986,625,1,1,376,1.6000000000
1000,1000,987,626,1,1,375,1.5974440895
1000,1000,988,627,1,1,374,1.5948963317
1000,1000,989,628,1,1,373,1.5923566879
1000,1000,990,628,1,1,373,1.5923566879
1000,1000,991,629,1,1,372,1.5898251192
1000,1000,992,629,1,1,372,1.5898251192
1000,1000,993,630,1,1,371,1.5873015873
1000,1000,994,630,1,1,371,1.5873015873
1000,1000,995,631,1,1,370,1.5847860539
1000,1000,996,632,1,1,369,1.5822784810
1000,1000,997,632,1,1,369,1.5822784810
1000,1000,998,633,1,1,368,1.5797788310
1000,1000,999,634,1,1,367,1.5772870662
1000,1000,1000,635,1,1,366,1.5748031496
1000,1000,1001,636,1,1,365,1.5723270440
1000,1000,1002,636,1,1,365,1.5723270440
1000,1000,1003,637,1,1,364,1.5698587127
1000,1000,1004,638,1,1,363,1.5673981191
1000,1000,1005,639,1,1,362,1.5649452269
1000,1000,1006,640,1,1,361,1.5625000000
1000,1000,1007,641,1,1,360,1.5600624025
1000,1000,1008,641,1,1,360,1.5600624025
1000,1000,1009,642,1,1,359,1.5576323988
1000,1000,1010,642,1,1,359,1.5576323988
1000,1000,1011,643,1,1,358,1.5552099533
1000,1000,1012,643,1,1,358,1.5552099533
1000,1000,1013,644,1,1,357,1.5527950311
1000,1000,1014,645,1,1,356,1.5503875969
1000,1000,1015,646,1,1,355,1.5479876161
1000,1000,1016,646,1,1,355,1.5479876161
1000,1000,1017,647,1,1,354,1.5455950541
1000,1000,1018,647,1,1,354,1.5455950541
1000,1000,1019,648,1,1,353,1.5432098765
1000,1000,1020,649,1,1,352,1.5408320493
1000,1000,1021,650,1,1,351,1.5384615385
1000,1000,1022,651,1,1,350,1.5360983103
1000,1000,1023,652,1,1,349,1.5337423313
1000,1000,1024,652,1,1,349,1.5337423313
1000,1000,1025,653,1,1,348,1.5313935681
1000,1000,1026,654,1,1,347,1.5290519878
1000,1000,1027,654,1,1,347,1.5290519878
1000,1000,1028,655,1,1,346,1.5267175573
1000,1000,1029,655,1,1,346,1.5267175573
1000,1000,1030,656,1,1,345,1.5243902439
1000,1000,1031,657,1,1,344,1.5220700152
1000,1000,1032,658,1,1,343,1.5197568389
1000,1000,1033,659,1,1,342,1.5174506829
1000,1000,1034,659,1,1,342,1.5174506829
1000,1000,1035,660,1,1,341,1.5151515152
1000,1000,1036,661,1,1,340,1.5128593041
1000,1000,1037,662,1,1,339,1.5105740181
1000,1000,1038,662,1,1,339,1.5105740181
1000,1000,1039,663,1,1,338,1.5082956259
1000,1000,1040,663,1,1,338,1.5082956259
1000,1000,1041,664,1,1,337,1.5060240964
1000,1000,1042,665,1,1,336,1.5037593985
1000,1000,1043,666,1,1,335,1.5015015015
1000,1000,1044,667,1,1,334,1.4992503748
1000,1000,1045,668,1,1,333,1.4970059880
1000,1000,1046,669,1,1,332,1.4947683109
1000,1000,1047,669,1,1,332,1.4947683109
1000,1000,1048,670,1,1,331,1.4925373134
1000,1000,1049,670,1,1,331,1.4925373134
1000,1000,1050,671,1,1,330,1.4903129657
1000,1000,1051,672,1,1,329,1.4880952381
1000,1000,1052,673,1,1,328,1.4858841010
1000,1000,1053,674,1,1,327,1.4836795252
1000,1000,1054,675,1,1,326,1.4814814815
1000,1000,1055,675,1,1,326,1.4814814815
1000,1000,1056,676,1,1,325,1.4792899408
1000,1000,1057,676,1,1,325,1.4792899408
1000,1000,1058,677,1,1,324,1.4771048744
1000,1000,1059,678,1,1,323,1.4749262537
1000,1000,1060,679,1,1,322,1.4727540501
1000,1000,1061,680,1,1,321,1.4705882353
1000,1000,1062,681,1,1,320,1.4684287812
1000,1000,1063,681,1,1,320,1.4684287812
1000,1000,1064,682,1,1,319,1.4662756598
1000,1000,1065,682,1,1,319,1.4662756598
1000,1000,1066,683,1,1,318,1.4641288433
1000,1000,1067,684,1,1,317,1.4619883041
1000,1000,1068,685,1,1,316,1.4598540146
1000,1000,1069,686,1,1,315,1.4577259475
1000,1000,1070,687,1,1,314,1.4556040757
1000,1000,1071,688,1,1,313,1.4534883721
1000,1000,1072,688,1,1,313,1.4534883721
1000,1000,1073,689,1,1,312,1.4513788099
1000,1000,1074,690,1,1,311,1.4492753623
1000,1000,1075,690,1,1,311,1.4492753623
1000,1000,1076,691,1,1,310,1.4471780029
1000,1000,1077,692,1,1,309,1.4450867052
1000,1000,1078,693,1,1,308,1.4430014430
1000,1000,1079,694,1,1,307,1.4409221902
1000,1000,1080,695,1,1,306,1.4388489209
1000,1000,1081,695,1,1,306,1.4388489209
1000,1000,1082,695,1,1,306,1.4388489209
1000,1000,1083,696,1,1,305,1.4367816092
1000,1000,1084,697,1,1,304,1.4347202296
1000,1000,1085,698,1,1,303,1.4326647564
1000,1000,1086,698,1,1,303,1.4326647564
1000,1000,1087,699,1,1,302,1.4306151645
1000,1000,1088,700,1,1,301,1.4285714286
1000,1000,1089,701,1,1,300,1.4265335235
1000,1000,1090,702,1,1,299,1.4245014245
1000,1000,1091,702,1,1,299,1.4245014245
1000,1000,1092,703,1,1,298,1.4224751067
1000,1000,1093,704,1,1,297,1.4204545455
1000,1000,1094,705,1,1,296,1.4184397163
1000,1000,1095,706,1,1,295,1.4164305949
1000,1000,1096,707,1,1,294,1.4144271570
1000,1000,1097,707,1,1,294,1.4144271570
1000,1000,1098,708,1,1,293,1.4124293785
1000,1000,1099,709,1,1,292,1.4104372355
1000,1000,1100,709,1,1,292,1.4104372355
1000,1000,1101,710,1,1,291,1.4084507042
1000,1000,1102,710,1,1,291,1.4084507042
1000,1000,1103,711,1,1,290,1.4064697609
1000,1000,1104,712,1,1,289,1.4044943820
1000,1000,1105,713,1,1,288,1.4025245442
1000,1000,1106,714,1,1,287,1.4005602241
1000,1000,1107,715,1,1,286,1.3986013986
1000,1000,1108,716,1,1,285,1.3966480447
1000,1000,1109,717,1,1,284,1.3947001395
1000,1000,1110,717,1,1,284,1.3947001395
1000,1000,1111,718,1,1,283,1.3927576602
1000,1000,1112,719,1,1,282,1.3908205841
1000,1000,1113,719,1,1,282,1.3908205841
1000,1000,1114,720,1,1,281,1.3888888889
1000,1000,1115,721,1,1,280,1.3869625520
1000,1000,1116,722,1,1,279,1.3850415512
1000,1000,1117,723,1,1,278,1.3831258645
1000,1000,1118,724,1,1,277,1.3812154696
1000,1000,1119,725,1,1,276,1.3793103448
1000,1000,1120,725,1,1,276,1.3793103448
1000,1000,1121,726,1,1,275,1.3774104683
1000,1000,1122,726,1,1,275,1.3774104683
1000,1000,1123,727,1,1,274,1.3755158184
1000,1000,1124,728,1,1,273,1.3736263736
1000,1000,1125,729,1,1,272,1.3717421125
1000,1000,1126,729,1,1,272,1.3717421125
1000,1000,1127,730,1,1,271,1.3698630137
1000,1000,1128,730,1,1,271,1.3698630137
1000,1000,1129,731,1,1,270,1.3679890561
1000,1000,1130,731,1,1,270,1.3679890561
1000,1000,1131,732,1,1,269,1.3661202186
1000,1000,1132,733,1,1,268,1.3642564802
1000,1000,1133,734,1,1,267,1.3623978202
1000,1000,1134,735,1,1,266,1.3605442177
1000,1000,1135,736,1,1,265,1.3586956522
1000,1000,1136,737,1,1,264,1.3568521031
1000,1000,1137,738,1,1,263,1.3550135501
1000,1000,1138,739,1,1,262,1.3531799729
1000,1000,1139,740,1,1,261,1.3513513514
1000,1000,1140,740,1,1,261,1.3513513514
1000,1000,1141,741,1,1,260,1.3495276653
1000,1000,1142,741,1,1,260,1.3495276653
1000,1000,1143,742,1,1,259,1.3477088949
1000,1000,1144,743,1,1,258,1.3458950202
1000,1000,1145,744,1,1,257,1.3440860215
1000,1000,1146,745,1,1,256,1.3422818792
1000,1000,1147,746,1,1,255,1.3404825737
1000,1000,1148,747,1,1,254,1.3386880857
1000,1000,1149,747,1,1,254,1.3386880857
1000,1000,1150,748,1,1,253,1.3368983957
1000,1000,1151,749,1,1,252,1.3351134846
1000,1000,1152,749,1,1,252,1.3351134846
1000,1000,1153,750,1,1,251,1.3333333333
1000,1000,1154,750,1,1,251,1.3333333333
1000,1000,1155,751,1,1,250,1.3315579228
1000,1000,1156,752,1,1,249,1.3297872340
1000,1000,1157,753,1,1,248,1.3280212483
1000,1000,1158,753,1,1,248,1.3280212483
1000,1000,1159,754,1,1,247,1.3262599469
1000,1000,1160,755,1,1,246,1.3245033113
1000,1000,1161,755,1,1,246,1.3245033113
1000,1000,1162,756,1,1,245,1.3227513228
1000,1000,1163,757,1,1,244,1.3210039630
1000,1000,1164,758,1,1,243,1.3192612137
1000,1000,1165,759,1,1,242,1.3175230567
1000,1000,1166,760,1,1,241,1.3157894737
1000,1000,1167,761,1,1,240,1.3140604468
1000,1000,1168,762,1,1,239,1.3123359580
1000,1000,1169,763,1,1,238,1.3106159895
1000,1000,1170,764,1,1,237,1.3089005236
1000,1000,1171,765,1,1,236,1.3071895425
1000,1000,1172,766,1,1,235,1.3054830287
1000,1000,1173,767,1,1,234,1.3037809648
1000,1000,1174,767,1,1,234,1.3037809648
1000,1000,1175,768,1,1,233,1.3020833333
1000,1000,1176,768,1,1,233,1.3020833333
1000,1000,1177,769,1,1,232,1.3003901170
1000,1000,1178,769,1,1,232,1.3003901170
1000,1000,1179,770,1,1,231,1.2987012987
1000,1000,1180,771,1,1,230,1.2970168612
1000,1000,1181,772,1,1,229,1.2953367876
1000,1000,1182,773,1,1,228,1.2936610608
1000,1000,1183,774,1,1,227,1.2919896641
1000,1000,1184,775,1,1,226,1.2903225806
1000,1000,1185,775,1,1,226,1.2903225806
1000,1000,1186,776,1,1,225,1.2886597938
1000,1000,1187,777,1,1,224,1.2870012870
1000,1000,1188,777,1,1,224,1.2870012870
1000,1000,1189,778,1,1,223,1.2853470437
1000,1000,1190,779,1,1,222,1.2836970475
1000,1000,1191,780,1,1,221,1.2820512821
1000,1000,1192,781,1,1,220,1.2804097311
1000,1000,1193,782,1,1,219,1.2787723785
1000,1000,1194,783,1,1,218,1.2771392082
1000,1000,1195,784,1,1,217,1.2755102041
1000,1000,1196,785,1,1,216,1.2738853503
1000,1000,1197,786,1,1,215,1.2722646310
1000,1000,1198,786,1,1,215,1.2722646310
1000,1000,1199,787,1,1,214,1.2706480305
1000,1000,1200,788,1,1,213,1.2690355330
1000,1000,1201,789,1,1,212,1.2674271229
1000,1000,1202,789,1,1,212,1.2674271229
1000,1000,1203,790,1,1,211,1.2658227848
1000,1000,1204,790,1,1,211,1.2658227848
1000,1000,1205,791,1,1,210,1.2642225032
1000,1000,1206,792,1,1,209,1.2626262626
1000,1000,1207,793,1,1,208,1.2610340479
1000,1000,1208,794,1,1,207,1.2594458438
1000,1000,1209,795,1,1,206,1.2578616352
1000,1000,1210,796,1,1,205,1.2562814070
1000,1000,1211,796,1,1,205,1.2562814070
1000,1000,1212,797,1,1,204,1.2547051443
1000,1000,1213,797,1,1,204,1.2547051443
1000,1000,1214,798,1,1,203,1.2531328321
1000,1000,1215,799,1,1,202,1.2515644556
1000,1000,1216,800,1,1,201,1.2500000000
1000,1000,1217,801,1,1,200,1.2484394507
1000,1000,1218,802,1,1,199,1.2468827930
1000,1000,1219,802,1,1,199,1.2468827930
1000,1000,1220,803,1,1,198,1.2453300125
1000,1000,1221,804,1,1,197,1.2437810945
1000,1000,1222,805,1,1,196,1.2422360248
1000,1000,1223,806,1,1,195,1.2406947891
1000,1000,1224,806,1,1,195,1.2406947891
1000,1000,1225,807,1,1,194,1.2391573730
1000,1000,1226,808,1,1,193,1.2376237624
1000,1000,1227,809,1,1,192,1.2360939431
1000,1000,1228,810,1,1,191,1.2345679012
1000,1000,1229,810,1,1,191,1.2345679012
1000,1000,1230,811,1,1,190,1.2330456227
1000,1000,1231,812,1,1,189,1.2315270936
1000,1000,1232,813,1,1,188,1.2300123001
1000,1000,1233,814,1,1,187,1.2285012285
1000,1000,1234,815,1,1,186,1.2269938650
1000,1000,1235,816,1,1,185,1.2254901961
1000,1000,1236,817,1,1,184,1.2239902081
1000,1000,1237,818,1,1,183,1.2224938875
1000,1000,1238,818,1,1,183,1.2224938875
1000,1000,1239,819,1,1,182,1.2210012210
1000,1000,1240,820,1,1,181,1.2195121951
1000,1000,1241,820,1,1,181,1.2195121951
1000,1000,1242,821,1,1,180,1.2180267966
1000,1000,1243,822,1,1,179,1.2165450122
1000,1000,1244,823,1,1,178,1.2150668287
1000,1000,1245,823,1,1,178,1.2150668287
1000,1000,1246,824,1,1,177,1.2135922330
1000,1000,1247,824,1,1,177,1.2135922330
1000,1000,1248,825,1,1,176,1.2121212121
1000,1000,1249,825,1,1,176,1.2121212121
1000,1000,1250,826,1,1,175,1.2106537530
1000,1000,1251,827,1,1,174,1.2091898428
1000,1000,1252,828,1,1,173,1.2077294686
1000,1000,1253,829,1,1,172,1.2062726176
1000,1000,1254,830,1,1,171,1.2048192771
1000,1000,1255,831,1,1,170,1.2033694344
1000,1000,1256,831,1,1,170,1.2033694344
1000,1000,1257,832,1,1,169,1.2019230769
1000,1000,1258,833,1,1,168,1.2004801921
1000,1000,1259,834,1,1,167,1.1990407674
1000,1000,1260,835,1,1,166,1.1976047904
1000,1000,1261,836,1,1,165,1.1961722488
1000,1000,1262,837,1,1,164,1.1947431302
1000,1000,1263,838,1,1,163,1.1933174224
1000,1000,1264,838,1,1,163,1.1933174224
1000,1000,1265,839,1,1,162,1.1918951132
1000,1000,1266,840,1,1,161,1.1904761905
1000,1000,1267,841,1,1,160,1.1890606421
1000,1000,1268,842,1,1,159,1.1876484561
1000,1000,1269,843,1,1,158,1.1862396204
1000,1000,1270,843,1,1,158,1.1862396204
1000,1000,1271,844,1,1,157,1.1848341232
1000,1000,1272,845,1,1,156,1.1834319527
1000,1000,1273,846,1,1,155,1.1820330969
1000,1000,1274,847,1,1,154,1.1806375443
1000,1000,1275,848,1,1,153,1.1792452830
1000,1000,1276,849,1,1,152,1.1778563015
1000,1000,1277,850,1,1,151,1.1764705882
1000,1000,1278,851,1,1,150,1.1750881316
1000,1000,1279,852,1,1,149,1.1737089202
1000,1000,1280,852,1,1,149,1.1737089202
1000,1000,1281,853,1,1,148,1.1723329426
1000,1000,1282,854,1,1,147,1.1709601874
1000,1000,1283,854,1,1,147,1.1709601874
1000,1000,1284,855,1,1,146,1.1695906433
1000,1000,1285,856,1,1,145,1.1682242991
1000,1000,1286,857,1,1,144,1.1668611435
1000,1000,1287,857,1,1,144,1.1668611435
1000,1000,1288,858,1,1,143,1.1655011655
1000,1000,1289,859,1,1,142,1.1641443539
1000,1000,1290,860,1,1,141,1.1627906977
1000,1000,1291,861,1,1,140,1.1614401858
1000,1000,1292,862,1,1,139,1.1600928074
1000,1000,1293,863,1,1,138,1.1587485516
1000,1000,1294,864,1,1,137,1.1574074074
1000,1000,1295,865,1,1,136,1.1560693642
1000,1000,1296,866,1,1,135,1.1547344111
1000,1000,1297,866,1,1,135,1.1547344111
1000,1000,1298,867,1,1,134,1.1534025375
1000,1000,1299,868,1,1,133,1.1520737327
1000,1000,1300,869,1,1,132,1.1507479862
1000,1000,1301,870,1,1,131,1.1494252874
1000,1000,1302,871,1,1,130,1.1481056257
1000,1000,1303,872,1,1,129,1.1467889908
1000,1000,1304,872,1,1,129,1.1467889908
1000,1000,1305,873,1,1,128,1.1454753723
1000,1000,1306,874,1,1,127,1.1441647597
1000,1000,1307,875,1,1,126,1.1428571429
1000,1000,1308,876,1,1,125,1.1415525114
1000,1000,1309,877,1,1,124,1.1402508552
1000,1000,1310,878,1,1,123,1.1389521640
1000,1000,1311,879,1,1,122,1.1376564278
1000,1000,1312,880,1,1,121,1.1363636364
1000,1000,1313,881,1,1,120,1.1350737798
1000,1000,1314,881,1,1,120,1.1350737798
1000,1000,1315,882,1,1,119,1.1337868481
1000,1000,1316,883,1,1,118,1.1325028313
1000,1000,1317,884,1,1,117,1.1312217195
1000,1000,1318,884,1,1,117,1.1312217195
1000,1000,1319,885,1,1,116,1.1299435028
1000,1000,1320,886,1,1,115,1.1286681716
1000,1000,1321,887,1,1,114,1.1273957159
1000,1000,1322,889,2,1,111,1.1248593926
1000,1000,1323,890,1,1,111,1.1235955056
1000,1000,1324,891,1,1,110,1.1223344557
1000,1000,1325,892,1,1,109,1.1210762332
1000,1000,1326,893,1,1,108,1.1198208287
1000,1000,1327,894,1,1,107,1.1185682327
1000,1000,1328,895,1,1,106,1.1173184358
1000,1000,1329,896,1,1,105,1.1160714286
1000,1000,1330,897,1,1,104,1.1148272018
1000,1000,1331,898,1,1,103,1.1135857461
1000,1000,1332,899,1,1,102,1.1123470523
1000,1000,1333,900,1,1,101,1.1111111111
1000,1000,1334,901,1,1,100,1.1098779134
1000,1000,1335,901,1,1,100,1.1098779134
1000,1000,1336,902,1,1,99,1.1086474501
1000,1000,1337,903,1,1,98,1.1074197121
1000,1000,1338,904,1,1,97,1.1061946903
1000,1000,1339,905,1,1,96,1.1049723757
1000,1000,1340,906,1,1,95,1.1037527594
1000,1000,1341,906,1,1,95,1.1037527594
1000,1000,1342,907,1,1,94,1.1025358324
1000,1000,1343,908,1,1,93,1.1013215859
1000,1000,1344,909,1,1,92,1.1001100110
1000,1000,1345,909,1,1,92,1.1001100110
1000,1000,1346,910,1,1,91,1.0989010989
1000,1000,1347,911,1,1,90,1.0976948408
1000,1000,1348,911,1,1,90,1.0976948408
1000,1000,1349,912,1,1,89,1.0964912281
1000,1000,1350,913,1,1,88,1.0952902519
1000,1000,1351,914,1,1,87,1.0940919037
1000,1000,1352,915,1,1,86,1.0928961749
1000,1000,1353,916,1,1,85,1.0917030568
1000,1000,1354,917,1,1,84,1.0905125409
1000,1000,1355,918,1,1,83,1.0893246187
1000,1000,1356,919,1,1,82,1.0881392818
1000,1000,1357,919,1,1,82,1.0881392818
1000,1000,1358,920,1,1,81,1.0869565217
1000,1000,1359,921,1,1,80,1.0857763301
1000,1000,1360,922,1,1,79,1.0845986985
1000,1000,1361,923,1,1,78,1.0834236186
1000,1000,1362,924,1,1,77,1.0822510823
1000,1000,1363,925,1,1,76,1.0810810811
1000,1000,1364,926,1,1,75,1.0799136069
1000,1000,1365,927,1,1,74,1.0787486516
1000,1000,1366,928,1,1,73,1.0775862069
1000,1000,1367,929,1,1,72,1.0764262648
1000,1000,1368,930,1,1,71,1.0752688172
1000,1000,1369,931,1,1,70,1.0741138561
1000,1000,1370,932,1,1,69,1.0729613734
1000,1000,1371,933,1,1,68,1.0718113612
1000,1000,1372,934,1,1,67,1.0706638116
1000,1000,1373,935,1,1,66,1.0695187166
1000,1000,1374,936,1,1,65,1.0683760684
1000,1000,1375,937,1,1,64,1.0672358591
1000,1000,1376,938,1,1,63,1.0660980810
1000,1000,1377,939,1,1,62,1.0649627263
1000,1000,1378,940,1,1,61,1.0638297872
1000,1000,1379,941,1,1,60,1.0626992561
1000,1000,1380,942,1,1,59,1.0615711253
1000,1000,1381,943,1,1,58,1.0604453871
1000,1000,1382,944,1,1,57,1.0593220339
1000,1000,1383,945,1,1,56,1.0582010582
1000,1000,1384,946,1,1,55,1.0570824524
1000,1000,1385,947,1,1,54,1.0559662091
1000,1000,1386,948,1,1,53,1.0548523207
1000,1000,1387,949,1,1,52,1.0537407798
1000,1000,1388,950,1,1,51,1.0526315789
1000,1000,1389,950,1,1,51,1.0526315789
1000,1000,1390,951,1,1,50,1.0515247108
1000,1000,1391,952,1,1,49,1.0504201681
1000,1000,1392,953,1,1,48,1.0493179433
1000,1000,1393,954,1,1,47,1.0482180294
1000,1000,1394,955,1,1,46,1.0471204188
1000,1000,1395,956,1,1,45,1.0460251046
1000,1000,1396,957,1,1,44,1.0449320794
1000,1000,1397,958,1,1,43,1.0438413361
1000,1000,1398,959,1,1,42,1.0427528676
1000,1000,1399,960,1,1,41,1.0416666667
1000,1000,1400,961,1,1,40,1.0405827263
1000,1000,1401,962,1,1,39,1.0395010395
1000,1000,1402,963,1,1,38,1.0384215992
1000,1000,1403,964,1,1,37,1.0373443983
1000,1000,1404,965,1,1,36,1.0362694301
1000,1000,1405,966,1,1,35,1.0351966874
1000,1000,1406,967,1,1,34,1.0341261634
1000,1000,1407,968,1,1,33,1.0330578512
1000,1000,1408,968,1,1,33,1.0330578512
1000,1000,1409,969,1,1,32,1.0319917441
1000,1000,1410,969,1,1,32,1.0319917441
1000,1000,1411,970,1,1,31,1.0309278351
1000,1000,1412,971,1,1,30,1.0298661174
1000,1000,1413,972,1,1,29,1.0288065844
1000,1000,1414,974,2,1,17,1.0266940452
1000,1000,1415,976,2,1,17,1.0245901639
1000,1000,1416,978,2,1,16,1.0224948875
1000,1000,1417,979,2,1,16,1.0214504597
1000,1000,1418,981,2,1,15,1.0193679918
1000,1000,1419,983,2,1,14,1.0172939980
1000,1000,1420,986,2,1,12,1.0141987830
1000,1000,1421,989,4,1,5,1.0111223458
1000,1000,1422,993,4,1,4,1.0070493454
1000,1000,1423,998,2,1,2,1.0020040080
1000,1000,1424,1000,0,1,1,1.0000000000
